dataset,size,algorithm,time_us,char_comparisons
random,100,quick_sort,28.6586,643
random,100,merge_sort,41.4168,590
random,100,string_quick_sort,18.95,547
random,100,string_merge_sort,109.017,503
random,100,msd_radix_sort,54.3916,358
random,100,msd_radix_sort_with_quick,13,254
random,200,quick_sort,78.8832,1782
random,200,merge_sort,96.5502,1476
random,200,string_quick_sort,46.8836,1376
random,200,string_merge_sort,221.017,1180
random,200,msd_radix_sort,107.692,804
random,200,msd_radix_sort_with_quick,26.7748,597
random,300,quick_sort,119.692,2951
random,300,merge_sort,150.267,2507
random,300,string_quick_sort,71.3418,2344
random,300,string_merge_sort,390.5,1910
random,300,msd_radix_sort,146.2,1250
random,300,msd_radix_sort_with_quick,49.2084,1022
random,400,quick_sort,168.758,4263
random,400,merge_sort,225.175,3637
random,400,string_quick_sort,93.05,3270
random,400,string_merge_sort,497.317,2700
random,400,msd_radix_sort,176.225,1662
random,400,msd_radix_sort_with_quick,59.9498,1493
random,500,quick_sort,220.408,5582
random,500,merge_sort,286,4840
random,500,string_quick_sort,121.275,4226
random,500,string_merge_sort,656.65,3491
random,500,msd_radix_sort,191.7,2084
random,500,msd_radix_sort_with_quick,76.0832,1990
random,600,quick_sort,300.058,7284
random,600,merge_sort,353.325,6133
random,600,string_quick_sort,154.008,5403
random,600,string_merge_sort,950.158,4346
random,600,msd_radix_sort,220.125,2524
random,600,msd_radix_sort_with_quick,95.8252,2515
random,700,quick_sort,365.5,9103
random,700,merge_sort,534.283,7456
random,700,string_quick_sort,240.567,5936
random,700,string_merge_sort,1131.73,5197
random,700,msd_radix_sort,307.809,2996
random,700,msd_radix_sort_with_quick,121.508,3114
random,800,quick_sort,443.767,10257
random,800,merge_sort,615.45,8794
random,800,string_quick_sort,250.658,8431
random,800,string_merge_sort,1238.78,6087
random,800,msd_radix_sort,330.608,3438
random,800,msd_radix_sort_with_quick,218.175,3705
random,900,quick_sort,504.308,12496
random,900,merge_sort,598.367,10213
random,900,string_quick_sort,231.45,8212
random,900,string_merge_sort,1153.58,6997
random,900,msd_radix_sort,314.225,3878
random,900,msd_radix_sort_with_quick,158.875,4330
random,1000,quick_sort,491.025,13174
random,1000,merge_sort,654.134,11615
random,1000,string_quick_sort,256.683,9167
random,1000,string_merge_sort,1317.5,7901
random,1000,msd_radix_sort,349.342,4334
random,1000,msd_radix_sort_with_quick,176.275,4953
random,1100,quick_sort,563.483,14994
random,1100,merge_sort,763.658,13113
random,1100,string_quick_sort,289.217,10361
random,1100,string_merge_sort,1464.63,8873
random,1100,msd_radix_sort,391.958,4810
random,1100,msd_radix_sort_with_quick,196.709,5620
random,1200,quick_sort,649.517,18067
random,1200,merge_sort,829.533,14562
random,1200,string_quick_sort,328.716,11918
random,1200,string_merge_sort,1615.32,9749
random,1200,msd_radix_sort,428.642,5296
random,1200,msd_radix_sort_with_quick,218.792,6209
random,1300,quick_sort,678.158,18927
random,1300,merge_sort,940.933,16101
random,1300,string_quick_sort,361.8,13113
random,1300,string_merge_sort,1768.96,10705
random,1300,msd_radix_sort,467.683,5768
random,1300,msd_radix_sort_with_quick,243.966,6993
random,1400,quick_sort,767.783,21363
random,1400,merge_sort,1007.9,17605
random,1400,string_quick_sort,379.592,13745
random,1400,string_merge_sort,1916.37,11622
random,1400,msd_radix_sort,510.825,6220
random,1400,msd_radix_sort_with_quick,261.492,7558
random,1500,quick_sort,844.817,23185
random,1500,merge_sort,1158.25,19185
random,1500,string_quick_sort,434.017,15541
random,1500,string_merge_sort,2162.66,12607
random,1500,msd_radix_sort,587.592,6744
random,1500,msd_radix_sort_with_quick,281.875,8214
random,1600,quick_sort,895.067,24163
random,1600,merge_sort,1235.45,20772
random,1600,string_quick_sort,468.092,16415
random,1600,string_merge_sort,2280.12,13643
random,1600,msd_radix_sort,627.075,7240
random,1600,msd_radix_sort_with_quick,319.042,8908
random,1700,quick_sort,1054.62,28062
random,1700,merge_sort,1331.11,22386
random,1700,string_quick_sort,475.292,17239
random,1700,string_merge_sort,2510.04,14608
random,1700,msd_radix_sort,655.225,7750
random,1700,msd_radix_sort_with_quick,328.65,9710
random,1800,quick_sort,1040.16,29012
random,1800,merge_sort,1342.23,24052
random,1800,string_quick_sort,498.925,17688
random,1800,string_merge_sort,2465.82,15661
random,1800,msd_radix_sort,681.7,8244
random,1800,msd_radix_sort_with_quick,362.867,10601
random,1900,quick_sort,1068.41,30677
random,1900,merge_sort,1433.33,25651
random,1900,string_quick_sort,534.417,20040
random,1900,string_merge_sort,2614.55,16591
random,1900,msd_radix_sort,716.2,8754
random,1900,msd_radix_sort_with_quick,374.567,11374
random,2000,quick_sort,1138.98,32387
random,2000,merge_sort,1467.57,27271
random,2000,string_quick_sort,578.3,22438
random,2000,string_merge_sort,2732.41,17577
random,2000,msd_radix_sort,800.933,9266
random,2000,msd_radix_sort_with_quick,399.784,11934
random,2100,quick_sort,1262.35,36624
random,2100,merge_sort,1686.47,28933
random,2100,string_quick_sort,640.108,24110
random,2100,string_merge_sort,3056.86,18534
random,2100,msd_radix_sort,857.833,9780
random,2100,msd_radix_sort_with_quick,442.2,12799
random,2200,quick_sort,1356.78,37986
random,2200,merge_sort,1752.38,30652
random,2200,string_quick_sort,654.725,24374
random,2200,string_merge_sort,3346.51,19627
random,2200,msd_radix_sort,933.775,10286
random,2200,msd_radix_sort_with_quick,462.042,13671
random,2300,quick_sort,1372.26,38063
random,2300,merge_sort,1827.89,32291
random,2300,string_quick_sort,679.267,25115
random,2300,string_merge_sort,3425.04,20608
random,2300,msd_radix_sort,931.8,10790
random,2300,msd_radix_sort_with_quick,466.308,14245
random,2400,quick_sort,1390.78,40962
random,2400,merge_sort,1881.37,34044
random,2400,string_quick_sort,682.983,24978
random,2400,string_merge_sort,3373.91,21693
random,2400,msd_radix_sort,974.167,11330
random,2400,msd_radix_sort_with_quick,489.558,15164
random,2500,quick_sort,1413.02,41673
random,2500,merge_sort,1988.75,35803
random,2500,string_quick_sort,799.475,30647
random,2500,string_merge_sort,3635.5,22713
random,2500,msd_radix_sort,1032.89,11878
random,2500,msd_radix_sort_with_quick,531.267,16045
random,2600,quick_sort,1659.52,47695
random,2600,merge_sort,2120.66,37528
random,2600,string_quick_sort,777.275,28776
random,2600,string_merge_sort,3780.69,23737
random,2600,msd_radix_sort,1095.67,12412
random,2600,msd_radix_sort_with_quick,559.233,16895
random,2700,quick_sort,1730.37,50344
random,2700,merge_sort,2166.61,39321
random,2700,string_quick_sort,853.975,35069
random,2700,string_merge_sort,3796.26,24793
random,2700,msd_radix_sort,1145.53,12986
random,2700,msd_radix_sort_with_quick,571.283,17522
random,2800,quick_sort,1641.63,50116
random,2800,merge_sort,2206.93,41054
random,2800,string_quick_sort,828.016,32113
random,2800,string_merge_sort,3979.27,25825
random,2800,msd_radix_sort,1170.01,13520
random,2800,msd_radix_sort_with_quick,601.425,18294
random,2900,quick_sort,1788.77,52251
random,2900,merge_sort,2374.57,42823
random,2900,string_quick_sort,856.2,31179
random,2900,string_merge_sort,4289.07,26801
random,2900,msd_radix_sort,1249.05,14054
random,2900,msd_radix_sort_with_quick,638.033,19398
random,3000,quick_sort,1922.03,54734
random,3000,merge_sort,2464.14,44578
random,3000,string_quick_sort,860.55,32019
random,3000,string_merge_sort,4368.33,27887
random,3000,msd_radix_sort,1295.01,14564
random,3000,msd_radix_sort_with_quick,632.941,19887
reversed,100,quick_sort,25.8,927
reversed,100,merge_sort,32.5334,583
reversed,100,string_quick_sort,14.9666,604
reversed,100,string_merge_sort,88.85,343
reversed,100,msd_radix_sort,44.558,474
reversed,100,msd_radix_sort_with_quick,18.4914,543
reversed,200,quick_sort,67.142,2163
reversed,200,merge_sort,71.2998,1309
reversed,200,string_quick_sort,29.2002,1236
reversed,200,string_merge_sort,186.217,720
reversed,200,msd_radix_sort,77.5504,944
reversed,200,msd_radix_sort_with_quick,34.2834,1138
reversed,300,quick_sort,108.491,3432
reversed,300,merge_sort,119.492,2059
reversed,300,string_quick_sort,50.6084,2058
reversed,300,string_merge_sort,295.758,1073
reversed,300,msd_radix_sort,120.717,1448
reversed,300,msd_radix_sort_with_quick,50.325,1721
reversed,400,quick_sort,149.992,4870
reversed,400,merge_sort,167.517,2855
reversed,400,string_quick_sort,65.2668,2859
reversed,400,string_merge_sort,406.933,1457
reversed,400,msd_radix_sort,167.366,1928
reversed,400,msd_radix_sort_with_quick,69.0416,2273
reversed,500,quick_sort,192.5,6155
reversed,500,merge_sort,233.741,3792
reversed,500,string_quick_sort,81.7584,3615
reversed,500,string_merge_sort,507.717,1906
reversed,500,msd_radix_sort,212.15,2398
reversed,500,msd_radix_sort_with_quick,86.6418,2848
reversed,600,quick_sort,234.167,7462
reversed,600,merge_sort,262.908,4383
reversed,600,string_quick_sort,104.375,4514
reversed,600,string_merge_sort,644.717,2130
reversed,600,msd_radix_sort,251.15,2886
reversed,600,msd_radix_sort_with_quick,107.367,3406
reversed,700,quick_sort,285.833,9200
reversed,700,merge_sort,315.35,5303
reversed,700,string_quick_sort,129.758,5437
reversed,700,string_merge_sort,744.584,2591
reversed,700,msd_radix_sort,291.408,3394
reversed,700,msd_radix_sort_with_quick,122.925,3983
reversed,800,quick_sort,329.917,10539
reversed,800,merge_sort,370.7,6113
reversed,800,string_quick_sort,145.3,6294
reversed,800,string_merge_sort,884.967,2937
reversed,800,msd_radix_sort,335.95,3856
reversed,800,msd_radix_sort_with_quick,140.158,4533
reversed,900,quick_sort,388.933,12063
reversed,900,merge_sort,411.675,7031
reversed,900,string_quick_sort,166.142,7343
reversed,900,string_merge_sort,978.317,3319
reversed,900,msd_radix_sort,374.917,4350
reversed,900,msd_radix_sort_with_quick,160.883,5127
reversed,1000,quick_sort,424.758,13464
reversed,1000,merge_sort,480.183,8081
reversed,1000,string_quick_sort,191.608,8093
reversed,1000,string_merge_sort,1158.18,3825
reversed,1000,msd_radix_sort,422.083,4818
reversed,1000,msd_radix_sort_with_quick,194.833,5689
reversed,1100,quick_sort,456.358,14862
reversed,1100,merge_sort,547.675,8714
reversed,1100,string_quick_sort,211.317,9042
reversed,1100,string_merge_sort,1260.65,4077
reversed,1100,msd_radix_sort,475.008,5284
reversed,1100,msd_radix_sort_with_quick,196.792,6251
reversed,1200,quick_sort,527.666,16286
reversed,1200,merge_sort,632.95,9420
reversed,1200,string_quick_sort,219.341,9993
reversed,1200,string_merge_sort,1407.62,4330
reversed,1200,msd_radix_sort,502.475,5764
reversed,1200,msd_radix_sort_with_quick,222.283,6793
reversed,1300,quick_sort,587.658,18186
reversed,1300,merge_sort,676.275,10321
reversed,1300,string_quick_sort,267.675,11116
reversed,1300,string_merge_sort,1520.94,4743
reversed,1300,msd_radix_sort,576.142,6286
reversed,1300,msd_radix_sort_with_quick,231.967,7376
reversed,1400,quick_sort,613.483,19927
reversed,1400,merge_sort,707.383,11310
reversed,1400,string_quick_sort,279.408,11979
reversed,1400,string_merge_sort,1656.82,5197
reversed,1400,msd_radix_sort,599.158,6782
reversed,1400,msd_radix_sort_with_quick,247.909,7981
reversed,1500,quick_sort,683.925,21376
reversed,1500,merge_sort,793.192,12200
reversed,1500,string_quick_sort,300.059,13194
reversed,1500,string_merge_sort,1736.99,5559
reversed,1500,msd_radix_sort,625.25,7272
reversed,1500,msd_radix_sort_with_quick,271.883,8528
reversed,1600,quick_sort,694.316,22886
reversed,1600,merge_sort,821.191,13025
reversed,1600,string_quick_sort,318.492,13947
reversed,1600,string_merge_sort,1905.93,5847
reversed,1600,msd_radix_sort,645.108,7752
reversed,1600,msd_radix_sort_with_quick,283.467,9115
reversed,1700,quick_sort,757.934,24424
reversed,1700,merge_sort,853.333,13899
reversed,1700,string_quick_sort,346.425,15226
reversed,1700,string_merge_sort,1962.26,6247
reversed,1700,msd_radix_sort,712.058,8228
reversed,1700,msd_radix_sort_with_quick,302.375,9666
reversed,1800,quick_sort,817.475,26046
reversed,1800,merge_sort,912.95,15013
reversed,1800,string_quick_sort,355.509,15985
reversed,1800,string_merge_sort,2104.89,6687
reversed,1800,msd_radix_sort,757.375,8734
reversed,1800,msd_radix_sort_with_quick,340.1,10232
reversed,1900,quick_sort,860.667,27642
reversed,1900,merge_sort,1035.51,16022
reversed,1900,string_quick_sort,387.367,17022
reversed,1900,string_merge_sort,2324.63,7114
reversed,1900,msd_radix_sort,843.283,9232
reversed,1900,msd_radix_sort_with_quick,344.308,10815
reversed,2000,quick_sort,934.708,29360
reversed,2000,merge_sort,1121.49,17077
reversed,2000,string_quick_sort,404.617,18129
reversed,2000,string_merge_sort,2430.27,7534
reversed,2000,msd_radix_sort,877.825,9706
reversed,2000,msd_radix_sort_with_quick,362.008,11414
reversed,2100,quick_sort,978.708,31008
reversed,2100,merge_sort,1153.83,18016
reversed,2100,string_quick_sort,432.917,18983
reversed,2100,string_merge_sort,2557.64,7958
reversed,2100,msd_radix_sort,915.4,10208
reversed,2100,msd_radix_sort_with_quick,377.858,11965
reversed,2200,quick_sort,1016.81,32353
reversed,2200,merge_sort,1157.08,18599
reversed,2200,string_quick_sort,467.6,20085
reversed,2200,string_merge_sort,2739.59,8148
reversed,2200,msd_radix_sort,995.084,10694
reversed,2200,msd_radix_sort_with_quick,410.766,12520
reversed,2300,quick_sort,1057.97,33837
reversed,2300,merge_sort,1219.53,19462
reversed,2300,string_quick_sort,470.167,21280
reversed,2300,string_merge_sort,2806.98,8504
reversed,2300,msd_radix_sort,956.617,11174
reversed,2300,msd_radix_sort_with_quick,407.708,13086
reversed,2400,quick_sort,1101.53,35177
reversed,2400,merge_sort,1298.63,20165
reversed,2400,string_quick_sort,515.358,22517
reversed,2400,string_merge_sort,2929.23,8769
reversed,2400,msd_radix_sort,1071.48,11656
reversed,2400,msd_radix_sort_with_quick,438.675,13684
reversed,2500,quick_sort,1176.82,37066
reversed,2500,merge_sort,1465.15,21195
reversed,2500,string_quick_sort,541.808,23540
reversed,2500,string_merge_sort,3183.63,9274
reversed,2500,msd_radix_sort,1111.12,12108
reversed,2500,msd_radix_sort_with_quick,474.8,14224
reversed,2600,quick_sort,1229.55,39019
reversed,2600,merge_sort,1510.71,21910
reversed,2600,string_quick_sort,557.6,24299
reversed,2600,string_merge_sort,3246.08,9453
reversed,2600,msd_radix_sort,1114.81,12604
reversed,2600,msd_radix_sort_with_quick,470.008,14779
reversed,2700,quick_sort,1252.13,40924
reversed,2700,merge_sort,1482.67,22935
reversed,2700,string_quick_sort,567.266,25512
reversed,2700,string_merge_sort,3269.51,9957
reversed,2700,msd_radix_sort,1139.61,13084
reversed,2700,msd_radix_sort_with_quick,491.258,15336
reversed,2800,quick_sort,1344.15,42645
reversed,2800,merge_sort,1500.94,23905
reversed,2800,string_quick_sort,568.375,26405
reversed,2800,string_merge_sort,3479.47,10358
reversed,2800,msd_radix_sort,1223.66,13566
reversed,2800,msd_radix_sort_with_quick,539.933,15921
reversed,2900,quick_sort,1411.69,44245
reversed,2900,merge_sort,1742.85,24815
reversed,2900,string_quick_sort,624.909,28023
reversed,2900,string_merge_sort,3651.42,10658
reversed,2900,msd_radix_sort,1275.33,14080
reversed,2900,msd_radix_sort_with_quick,523.108,16504
reversed,3000,quick_sort,1448.76,45962
reversed,3000,merge_sort,1717.19,25850
reversed,3000,string_quick_sort,675.583,28909
reversed,3000,string_merge_sort,3777.27,11103
reversed,3000,msd_radix_sort,1290.64,14564
reversed,3000,msd_radix_sort_with_quick,535.167,17089
almost_sorted,100,quick_sort,28.908,953
almost_sorted,100,merge_sort,35.8082,797
almost_sorted,100,string_quick_sort,14.025,570
almost_sorted,100,string_merge_sort,85.7498,372
almost_sorted,100,msd_radix_sort,42.7998,468
almost_sorted,100,msd_radix_sort_with_quick,19.5168,557
almost_sorted,200,quick_sort,68.8584,2150
almost_sorted,200,merge_sort,77.925,1761
almost_sorted,200,string_quick_sort,32.9416,1273
almost_sorted,200,string_merge_sort,189.617,752
almost_sorted,200,msd_radix_sort,95.6332,972
almost_sorted,200,msd_radix_sort_with_quick,36.2416,1133
almost_sorted,300,quick_sort,120.217,3447
almost_sorted,300,merge_sort,123.358,2810
almost_sorted,300,string_quick_sort,47.2248,2004
almost_sorted,300,string_merge_sort,286.692,1184
almost_sorted,300,msd_radix_sort,121.833,1436
almost_sorted,300,msd_radix_sort_with_quick,49.642,1704
almost_sorted,400,quick_sort,160.417,5028
almost_sorted,400,merge_sort,177.3,3963
almost_sorted,400,string_quick_sort,72.0498,2950
almost_sorted,400,string_merge_sort,414.975,1588
almost_sorted,400,msd_radix_sort,169.642,1914
almost_sorted,400,msd_radix_sort_with_quick,68.8918,2247
almost_sorted,500,quick_sort,275.117,8472
almost_sorted,500,merge_sort,239.425,4984
almost_sorted,500,string_quick_sort,128.092,5263
almost_sorted,500,string_merge_sort,506.408,1960
almost_sorted,500,msd_radix_sort,219.417,2400
almost_sorted,500,msd_radix_sort_with_quick,86.4418,2809
almost_sorted,600,quick_sort,276.925,8207
almost_sorted,600,merge_sort,299.742,6315
almost_sorted,600,string_quick_sort,121.242,4896
almost_sorted,600,string_merge_sort,653.2,2489
almost_sorted,600,msd_radix_sort,247.167,2828
almost_sorted,600,msd_radix_sort_with_quick,107.108,3346
almost_sorted,700,quick_sort,327.358,9916
almost_sorted,700,merge_sort,365.308,7671
almost_sorted,700,string_quick_sort,131.325,5451
almost_sorted,700,string_merge_sort,743.692,2952
almost_sorted,700,msd_radix_sort,289.608,3310
almost_sorted,700,msd_radix_sort_with_quick,129.075,3923
almost_sorted,800,quick_sort,399.075,11070
almost_sorted,800,merge_sort,438.041,8763
almost_sorted,800,string_quick_sort,154.875,6331
almost_sorted,800,string_merge_sort,899.859,3318
almost_sorted,800,msd_radix_sort,320.825,3766
almost_sorted,800,msd_radix_sort_with_quick,140.2,4477
almost_sorted,900,quick_sort,417.95,12976
almost_sorted,900,merge_sort,467.908,10069
almost_sorted,900,string_quick_sort,175.308,7329
almost_sorted,900,string_merge_sort,1015.32,3881
almost_sorted,900,msd_radix_sort,372.192,4252
almost_sorted,900,msd_radix_sort_with_quick,159.042,5040
almost_sorted,1000,quick_sort,517.808,15784
almost_sorted,1000,merge_sort,555.3,11111
almost_sorted,1000,string_quick_sort,185.217,8167
almost_sorted,1000,string_merge_sort,1146.58,4219
almost_sorted,1000,msd_radix_sort,424.317,4760
almost_sorted,1000,msd_radix_sort_with_quick,168.841,5619
almost_sorted,1100,quick_sort,573.058,16544
almost_sorted,1100,merge_sort,625.35,12526
almost_sorted,1100,string_quick_sort,231.25,9182
almost_sorted,1100,string_merge_sort,1279.53,4736
almost_sorted,1100,msd_radix_sort,466.25,5222
almost_sorted,1100,msd_radix_sort_with_quick,196.442,6208
almost_sorted,1200,quick_sort,616.583,18626
almost_sorted,1200,merge_sort,682.425,14046
almost_sorted,1200,string_quick_sort,244.433,10080
almost_sorted,1200,string_merge_sort,1423.56,5398
almost_sorted,1200,msd_radix_sort,522.992,5716
almost_sorted,1200,msd_radix_sort_with_quick,233.858,6779
almost_sorted,1300,quick_sort,661.35,20368
almost_sorted,1300,merge_sort,764.933,15667
almost_sorted,1300,string_quick_sort,271.567,11203
almost_sorted,1300,string_merge_sort,1572.39,5913
almost_sorted,1300,msd_radix_sort,559.283,6224
almost_sorted,1300,msd_radix_sort_with_quick,238.7,7384
almost_sorted,1400,quick_sort,747.159,22664
almost_sorted,1400,merge_sort,846.525,17154
almost_sorted,1400,string_quick_sort,286.508,12059
almost_sorted,1400,string_merge_sort,1666.32,6460
almost_sorted,1400,msd_radix_sort,596.075,6696
almost_sorted,1400,msd_radix_sort_with_quick,271.267,7971
almost_sorted,1500,quick_sort,761.225,23365
almost_sorted,1500,merge_sort,964.55,18418
almost_sorted,1500,string_quick_sort,301.8,13053
almost_sorted,1500,string_merge_sort,1788.97,6867
almost_sorted,1500,msd_radix_sort,611.242,7180
almost_sorted,1500,msd_radix_sort_with_quick,267.808,8552
almost_sorted,1600,quick_sort,825.125,24960
almost_sorted,1600,merge_sort,939.65,19718
almost_sorted,1600,string_quick_sort,341.65,14563
almost_sorted,1600,string_merge_sort,1901.05,7363
almost_sorted,1600,msd_radix_sort,676.133,7674
almost_sorted,1600,msd_radix_sort_with_quick,294.384,9151
almost_sorted,1700,quick_sort,918.092,28215
almost_sorted,1700,merge_sort,1034.4,21186
almost_sorted,1700,string_quick_sort,353.242,15151
almost_sorted,1700,string_merge_sort,2014.49,7926
almost_sorted,1700,msd_radix_sort,715.383,8168
almost_sorted,1700,msd_radix_sort_with_quick,313.158,9787
almost_sorted,1800,quick_sort,922.55,28596
almost_sorted,1800,merge_sort,1060.49,22535
almost_sorted,1800,string_quick_sort,370.783,16213
almost_sorted,1800,string_merge_sort,2217.57,8407
almost_sorted,1800,msd_radix_sort,769.45,8694
almost_sorted,1800,msd_radix_sort_with_quick,329.675,10368
almost_sorted,1900,quick_sort,1001.57,29652
almost_sorted,1900,merge_sort,1164.61,23618
almost_sorted,1900,string_quick_sort,414.85,17521
almost_sorted,1900,string_merge_sort,2355.13,8829
almost_sorted,1900,msd_radix_sort,824.525,9184
almost_sorted,1900,msd_radix_sort_with_quick,371.034,10948
almost_sorted,2000,quick_sort,1071.97,33067
almost_sorted,2000,merge_sort,1289.83,24930
almost_sorted,2000,string_quick_sort,456.083,19538
almost_sorted,2000,string_merge_sort,2478.59,9241
almost_sorted,2000,msd_radix_sort,857.083,9660
almost_sorted,2000,msd_radix_sort_with_quick,367.85,11556
almost_sorted,2100,quick_sort,1102.7,33274
almost_sorted,2100,merge_sort,1324.46,26509
almost_sorted,2100,string_quick_sort,448.616,19285
almost_sorted,2100,string_merge_sort,2638.1,9803
almost_sorted,2100,msd_radix_sort,878.55,10132
almost_sorted,2100,msd_radix_sort_with_quick,381.825,12127
almost_sorted,2200,quick_sort,1118.79,34444
almost_sorted,2200,merge_sort,1402.97,28092
almost_sorted,2200,string_quick_sort,467,20772
almost_sorted,2200,string_merge_sort,2680.34,10437
almost_sorted,2200,msd_radix_sort,928.009,10632
almost_sorted,2200,msd_radix_sort_with_quick,408.492,12746
almost_sorted,2300,quick_sort,1155.88,36433
almost_sorted,2300,merge_sort,1420.06,29300
almost_sorted,2300,string_quick_sort,506.625,21838
almost_sorted,2300,string_merge_sort,2832.71,10935
almost_sorted,2300,msd_radix_sort,928.658,11104
almost_sorted,2300,msd_radix_sort_with_quick,421.708,13345
almost_sorted,2400,quick_sort,1224.22,37014
almost_sorted,2400,merge_sort,1557.35,30915
almost_sorted,2400,string_quick_sort,542.492,22915
almost_sorted,2400,string_merge_sort,3044.13,11669
almost_sorted,2400,msd_radix_sort,1079.59,11626
almost_sorted,2400,msd_radix_sort_with_quick,457.45,13939
almost_sorted,2500,quick_sort,1245.53,38546
almost_sorted,2500,merge_sort,1657.05,32308
almost_sorted,2500,string_quick_sort,549.808,23769
almost_sorted,2500,string_merge_sort,3164.54,11979
almost_sorted,2500,msd_radix_sort,1094.07,12114
almost_sorted,2500,msd_radix_sort_with_quick,470.167,14533
almost_sorted,2600,quick_sort,1318.1,40711
almost_sorted,2600,merge_sort,1737.68,33794
almost_sorted,2600,string_quick_sort,574.667,25561
almost_sorted,2600,string_merge_sort,3288.44,12479
almost_sorted,2600,msd_radix_sort,1074.33,12598
almost_sorted,2600,msd_radix_sort_with_quick,484.908,15152
almost_sorted,2700,quick_sort,1237.98,40051
almost_sorted,2700,merge_sort,1688.96,35336
almost_sorted,2700,string_quick_sort,615.975,26652
almost_sorted,2700,string_merge_sort,3382.84,13228
almost_sorted,2700,msd_radix_sort,1113.49,13092
almost_sorted,2700,msd_radix_sort_with_quick,501.033,15769
almost_sorted,2800,quick_sort,1334.78,42544
almost_sorted,2800,merge_sort,1795.41,36346
almost_sorted,2800,string_quick_sort,630.375,26575
almost_sorted,2800,string_merge_sort,3595.14,13739
almost_sorted,2800,msd_radix_sort,1213.32,13600
almost_sorted,2800,msd_radix_sort_with_quick,556.858,16368
almost_sorted,2900,quick_sort,1438.3,44743
almost_sorted,2900,merge_sort,1964.09,38121
almost_sorted,2900,string_quick_sort,664.233,27922
almost_sorted,2900,string_merge_sort,3710.87,14360
almost_sorted,2900,msd_radix_sort,1232.29,14080
almost_sorted,2900,msd_radix_sort_with_quick,555.6,16976
almost_sorted,3000,quick_sort,1515.72,47261
almost_sorted,3000,merge_sort,1986.04,39182
almost_sorted,3000,string_quick_sort,685.925,29985
almost_sorted,3000,string_merge_sort,3733.36,14694
almost_sorted,3000,msd_radix_sort,1221.04,14564
almost_sorted,3000,msd_radix_sort_with_quick,562.892,17597
common_prefix,100,quick_sort,727.083,51655
common_prefix,100,merge_sort,676.984,44688
common_prefix,100,string_quick_sort,90.8332,8530
common_prefix,100,string_merge_sort,211.508,8435
common_prefix,100,msd_radix_sort,412.616,16360
common_prefix,100,msd_radix_sort_with_quick,357.867,16258
common_prefix,200,quick_sort,1803.74,124538
common_prefix,200,merge_sort,1599.18,104203
common_prefix,200,string_quick_sort,176.042,17418
common_prefix,200,string_merge_sort,425.475,17082
common_prefix,200,msd_radix_sort,715.658,32794
common_prefix,200,msd_radix_sort_with_quick,645.983,32605
common_prefix,300,quick_sort,3048.98,212791
common_prefix,300,merge_sort,2610.89,171081
common_prefix,300,string_quick_sort,261.483,26123
common_prefix,300,string_merge_sort,696.8,25843
common_prefix,300,msd_radix_sort,1038.53,49224
common_prefix,300,msd_radix_sort_with_quick,945.491,49026
common_prefix,400,quick_sort,4638.9,315906
common_prefix,400,merge_sort,3731.43,241807
common_prefix,400,string_quick_sort,345.35,35069
common_prefix,400,string_merge_sort,945.466,34601
common_prefix,400,msd_radix_sort,1373.95,65656
common_prefix,400,msd_radix_sort_with_quick,1295.91,65463
common_prefix,500,quick_sort,5891,406798
common_prefix,500,merge_sort,4785.72,313798
common_prefix,500,string_quick_sort,438.75,44537
common_prefix,500,string_merge_sort,1183.86,43416
common_prefix,500,msd_radix_sort,1622.82,82076
common_prefix,500,msd_radix_sort_with_quick,1548.05,81947
common_prefix,600,quick_sort,6258.03,440692
common_prefix,600,merge_sort,5953.47,390088
common_prefix,600,string_quick_sort,528.658,52957
common_prefix,600,string_merge_sort,1456.85,52222
common_prefix,600,msd_radix_sort,1959.42,98512
common_prefix,600,msd_radix_sort_with_quick,1885.61,98518
common_prefix,700,quick_sort,8697.84,581335
common_prefix,700,merge_sort,7465,468512
common_prefix,700,string_quick_sort,638.558,62570
common_prefix,700,string_merge_sort,1722.4,61085
common_prefix,700,msd_radix_sort,2335.08,114968
common_prefix,700,msd_radix_sort_with_quick,2213.72,115070
common_prefix,800,quick_sort,10016.6,684182
common_prefix,800,merge_sort,9214.73,548433
common_prefix,800,string_quick_sort,834.875,71853
common_prefix,800,string_merge_sort,2156.58,69982
common_prefix,800,msd_radix_sort,3301.87,131412
common_prefix,800,msd_radix_sort_with_quick,2609.18,131681
common_prefix,900,quick_sort,12115.9,830445
common_prefix,900,merge_sort,9556.74,628124
common_prefix,900,string_quick_sort,806.1,80688
common_prefix,900,string_merge_sort,2189.21,78892
common_prefix,900,msd_radix_sort,2892.86,147858
common_prefix,900,msd_radix_sort_with_quick,2760.81,148305
common_prefix,1000,quick_sort,12564.2,859445
common_prefix,1000,merge_sort,10917.8,708037
common_prefix,1000,string_quick_sort,870.475,89889
common_prefix,1000,string_merge_sort,2458.17,87793
common_prefix,1000,msd_radix_sort,3196.57,164310
common_prefix,1000,msd_radix_sort_with_quick,3105.91,165010
common_prefix,1100,quick_sort,13565.2,953261
common_prefix,1100,merge_sort,12170,794695
common_prefix,1100,string_quick_sort,985.883,98119
common_prefix,1100,string_merge_sort,2744.25,96724
common_prefix,1100,msd_radix_sort,3496.56,180788
common_prefix,1100,msd_radix_sort_with_quick,3352.46,181618
common_prefix,1200,quick_sort,14585.7,1020317
common_prefix,1200,merge_sort,13252.6,878768
common_prefix,1200,string_quick_sort,1055.71,107421
common_prefix,1200,string_merge_sort,3044,105690
common_prefix,1200,msd_radix_sort,3884.51,197284
common_prefix,1200,msd_radix_sort_with_quick,3658.81,198292
common_prefix,1300,quick_sort,19249.7,1353185
common_prefix,1300,merge_sort,14589.6,962815
common_prefix,1300,string_quick_sort,1181.81,117550
common_prefix,1300,string_merge_sort,3267.37,114601
common_prefix,1300,msd_radix_sort,4163.93,213738
common_prefix,1300,msd_radix_sort_with_quick,3968.37,214945
common_prefix,1400,quick_sort,20173,1428499
common_prefix,1400,merge_sort,16112.5,1050637
common_prefix,1400,string_quick_sort,1273.65,125600
common_prefix,1400,string_merge_sort,3488.36,123604
common_prefix,1400,msd_radix_sort,4433.92,230214
common_prefix,1400,msd_radix_sort_with_quick,4211.55,231686
common_prefix,1500,quick_sort,20743.2,1459995
common_prefix,1500,merge_sort,17348,1136508
common_prefix,1500,string_quick_sort,1356.2,134839
common_prefix,1500,string_merge_sort,3754.58,132565
common_prefix,1500,msd_radix_sort,4728.13,246702
common_prefix,1500,msd_radix_sort_with_quick,4505.81,248340
common_prefix,1600,quick_sort,22354.2,1570835
common_prefix,1600,merge_sort,18725.9,1225341
common_prefix,1600,string_quick_sort,1458.3,143818
common_prefix,1600,string_merge_sort,3986.06,141523
common_prefix,1600,msd_radix_sort,5064.67,263190
common_prefix,1600,msd_radix_sort_with_quick,4889.03,264966
common_prefix,1700,quick_sort,28286.1,1982172
common_prefix,1700,merge_sort,19897.9,1312143
common_prefix,1700,string_quick_sort,1564.89,154097
common_prefix,1700,string_merge_sort,4278.13,150438
common_prefix,1700,msd_radix_sort,5510.79,279714
common_prefix,1700,msd_radix_sort_with_quick,5202.69,281806
common_prefix,1800,quick_sort,24930.1,1732211
common_prefix,1800,merge_sort,21082.1,1402492
common_prefix,1800,string_quick_sort,1638.92,163312
common_prefix,1800,string_merge_sort,4513.86,159452
common_prefix,1800,msd_radix_sort,5768.53,296242
common_prefix,1800,msd_radix_sort_with_quick,5412.58,298521
common_prefix,1900,quick_sort,25878,1805755
common_prefix,1900,merge_sort,22447.9,1490661
common_prefix,1900,string_quick_sort,1712.2,171081
common_prefix,1900,string_merge_sort,4776.38,168369
common_prefix,1900,msd_radix_sort,6070.18,312724
common_prefix,1900,msd_radix_sort_with_quick,5755.44,315408
common_prefix,2000,quick_sort,27431.9,1916782
common_prefix,2000,merge_sort,23837.6,1580407
common_prefix,2000,string_quick_sort,1804.07,180193
common_prefix,2000,string_merge_sort,5072,177451
common_prefix,2000,msd_radix_sort,6463.18,329228
common_prefix,2000,msd_radix_sort_with_quick,6083.98,332082
common_prefix,2100,quick_sort,31080.8,2179709
common_prefix,2100,merge_sort,25137.5,1670687
common_prefix,2100,string_quick_sort,1969.05,193122
common_prefix,2100,string_merge_sort,5288.46,186388
common_prefix,2100,msd_radix_sort,6774.85,345732
common_prefix,2100,msd_radix_sort_with_quick,6609.79,349178
common_prefix,2200,quick_sort,32475.6,2278664
common_prefix,2200,merge_sort,26715.1,1765561
common_prefix,2200,string_quick_sort,1971.19,198494
common_prefix,2200,string_merge_sort,5638.56,195411
common_prefix,2200,msd_radix_sort,7163.2,362248
common_prefix,2200,msd_radix_sort_with_quick,6727.55,365518
common_prefix,2300,quick_sort,39680.7,2568216
common_prefix,2300,merge_sort,27929.3,1855065
common_prefix,2300,string_quick_sort,2116.49,208094
common_prefix,2300,string_merge_sort,5865.1,204401
common_prefix,2300,msd_radix_sort,7755.45,378768
common_prefix,2300,msd_radix_sort_with_quick,7159.59,382236
common_prefix,2400,quick_sort,34408.6,2409800
common_prefix,2400,merge_sort,29698.1,1951164
common_prefix,2400,string_quick_sort,2219.15,217959
common_prefix,2400,string_merge_sort,6278.02,213525
common_prefix,2400,msd_radix_sort,7977.17,395284
common_prefix,2400,msd_radix_sort_with_quick,7436.7,399058
common_prefix,2500,quick_sort,38814.5,2625219
common_prefix,2500,merge_sort,31610,2045013
common_prefix,2500,string_quick_sort,2293.18,228080
common_prefix,2500,string_merge_sort,6487.5,222446
common_prefix,2500,msd_radix_sort,8197.78,411796
common_prefix,2500,msd_radix_sort_with_quick,7630.73,415981
common_prefix,2600,quick_sort,39360.7,2756331
common_prefix,2600,merge_sort,32341.6,2133025
common_prefix,2600,string_quick_sort,2470.21,239772
common_prefix,2600,string_merge_sort,6792.21,231517
common_prefix,2600,msd_radix_sort,8875.79,428348
common_prefix,2600,msd_radix_sort_with_quick,8252.08,432903
common_prefix,2700,quick_sort,40578.7,2837367
common_prefix,2700,merge_sort,33853.9,2232006
common_prefix,2700,string_quick_sort,2558.15,248945
common_prefix,2700,string_merge_sort,7038.78,240580
common_prefix,2700,msd_radix_sort,9109.81,444868
common_prefix,2700,msd_radix_sort_with_quick,8564.21,449647
common_prefix,2800,quick_sort,39489,2723839
common_prefix,2800,merge_sort,35349.3,2328367
common_prefix,2800,string_quick_sort,2573.19,253482
common_prefix,2800,string_merge_sort,7448.37,249639
common_prefix,2800,msd_radix_sort,9425.08,461456
common_prefix,2800,msd_radix_sort_with_quick,8789.57,466427
common_prefix,2900,quick_sort,44486.2,3114505
common_prefix,2900,merge_sort,36594,2421934
common_prefix,2900,string_quick_sort,2657.77,263331
common_prefix,2900,string_merge_sort,7677.93,258678
common_prefix,2900,msd_radix_sort,9645.22,477990
common_prefix,2900,msd_radix_sort_with_quick,9043.28,483653
common_prefix,3000,quick_sort,44830.4,3139064
common_prefix,3000,merge_sort,37950.1,2517624
common_prefix,3000,string_quick_sort,2771.02,273697
common_prefix,3000,string_merge_sort,7926.53,267763
common_prefix,3000,msd_radix_sort,9863.7,494540
common_prefix,3000,msd_radix_sort_with_quick,9317,500076
